{
    "root_group": {
        "path": "",
        "id": "d41d8cd98f00b204e9800998ecf8427e",
        "groups": {},
        "checks": {
                "event detail returns 200": {
                    "name": "event detail returns 200",
                    "path": "::event detail returns 200",
                    "id": "da1aa3a65c209b126974e51cfe32a69c",
                    "passes": 4214,
                    "fails": 0
                }
            },
        "name": ""
    },
    "metrics": {
        "http_req_sending": {
            "max": 32.765,
            "avg": 0.26020360702420997,
            "med": 0.017,
            "p(95)": 0.047,
            "p(99)": 9.753769999999927,
            "min": 0.003
        },
        "vus": {
            "value": 100,
            "min": 100,
            "max": 100
        },
        "http_req_tls_handshaking": {
            "min": 0,
            "max": 0,
            "avg": 0,
            "med": 0,
            "p(95)": 0,
            "p(99)": 0
        },
        "data_sent": {
            "rate": 11737.168045057828,
            "count": 358190
        },
        "http_req_duration{expected_response:true}": {
            "med": 585.361,
            "p(95)": 1732.631699999999,
            "p(99)": 2540.9425899999997,
            "min": 6.545,
            "max": 4125.517,
            "avg": 715.2912505932586
        },
        "checks": {
            "passes": 4214,
            "fails": 0,
            "value": 1
        },
        "data_received": {
            "rate": 186536.43048992445,
            "count": 5692641
        },
        "http_req_waiting": {
            "med": 574.4225,
            "p(95)": 1723.9484499999999,
            "p(99)": 2532.1100399999996,
            "min": 5.582,
            "max": 4040.113,
            "avg": 706.4583082581867
        },
        "http_req_failed": {
            "passes": 0,
            "fails": 4214,
            "value": 0
        },
        "http_req_blocked": {
            "p(99)": 18.702559999999995,
            "min": 0.001,
            "max": 171.404,
            "avg": 1.29391243474136,
            "med": 0.005,
            "p(95)": 0.015
        },
        "http_req_connecting": {
            "avg": 0.7256998101566208,
            "med": 0,
            "p(95)": 0,
            "p(99)": 7.632529999999996,
            "min": 0,
            "max": 135.107
        },
        "http_req_duration": {
            "avg": 715.2912505932586,
            "med": 585.361,
            "p(95)": 1732.631699999999,
            "p(99)": 2540.9425899999997,
            "min": 6.545,
            "max": 4125.517
        },
        "http_reqs": {
            "count": 4214,
            "rate": 138.0843299418568
        },
        "iterations": {
            "count": 4214,
            "rate": 138.0843299418568
        },
        "http_req_receiving": {
            "p(95)": 50.42034999999999,
            "p(99)": 163.70105999999984,
            "min": 0.014,
            "max": 629.373,
            "avg": 8.572738728049337,
            "med": 0.1
        },
        "iteration_duration": {
            "p(95)": 1732.783058449999,
            "p(99)": 2547.98899254,
            "min": 6.806583,
            "max": 4221.164,
            "avg": 716.8688787147629,
            "med": 587.900125
        },
        "vus_max": {
            "value": 100,
            "min": 100,
            "max": 100
        }
    }
}