{
    "root_group": {
        "groups": {},
        "checks": {
                "event detail returns 200": {
                    "passes": 18083,
                    "fails": 0,
                    "name": "event detail returns 200",
                    "path": "::event detail returns 200",
                    "id": "da1aa3a65c209b126974e51cfe32a69c"
                }
            },
        "name": "",
        "path": "",
        "id": "d41d8cd98f00b204e9800998ecf8427e"
    },
    "metrics": {
        "http_req_waiting": {
            "p(99)": 635.04752,
            "min": 2.588,
            "max": 1402.039,
            "avg": 163.9909450865452,
            "med": 126.434,
            "p(95)": 390.02629999999994
        },
        "http_req_connecting": {
            "max": 26.239,
            "avg": 0.01558635182215342,
            "med": 0,
            "p(95)": 0,
            "p(99)": 0.21017999999999984,
            "min": 0
        },
        "vus": {
            "value": 100,
            "min": 100,
            "max": 100
        },
        "data_received": {
            "count": 24429778,
            "rate": 812130.7169344357
        },
        "http_reqs": {
            "count": 18083,
            "rate": 601.1417604501113
        },
        "http_req_sending": {
            "max": 7.808,
            "avg": 0.01917613227893409,
            "med": 0.011,
            "p(95)": 0.031,
            "p(99)": 0.103,
            "min": 0.003
        },
        "http_req_blocked": {
            "max": 26.279,
            "avg": 0.023711165182767006,
            "med": 0.003,
            "p(95)": 0.01,
            "p(99)": 0.2851799999999998,
            "min": 0.001
        },
        "vus_max": {
            "value": 100,
            "min": 100,
            "max": 100
        },
        "data_sent": {
            "count": 1537055,
            "rate": 51097.049638259465
        },
        "http_req_duration": {
            "avg": 165.96193850577836,
            "med": 128.107,
            "p(95)": 393.57099999999986,
            "p(99)": 637.1566199999999,
            "min": 2.637,
            "max": 1746.721
        },
        "http_req_tls_handshaking": {
            "avg": 0,
            "med": 0,
            "p(95)": 0,
            "p(99)": 0,
            "min": 0,
            "max": 0
        },
        "checks": {
            "passes": 18083,
            "fails": 0,
            "value": 1
        },
        "iterations": {
            "count": 18083,
            "rate": 601.1417604501113
        },
        "http_req_failed": {
            "passes": 0,
            "fails": 18083,
            "value": 0
        },
        "iteration_duration": {
            "avg": 166.116230795995,
            "med": 128.229459,
            "p(95)": 393.6468423,
            "p(99)": 637.3617293199999,
            "min": 2.729708,
            "max": 1746.839042
        },
        "http_req_duration{expected_response:true}": {
            "p(99)": 637.1566199999999,
            "min": 2.637,
            "max": 1746.721,
            "avg": 165.96193850577836,
            "med": 128.107,
            "p(95)": 393.57099999999986
        },
        "http_req_receiving": {
            "avg": 1.9518172869546027,
            "med": 0.056,
            "p(95)": 5.012799999999982,
            "p(99)": 49.15705999999994,
            "min": 0.014,
            "max": 566.346
        }
    }
}